,album,track_number,id,name,uri,acousticness,danceability,energy,instrumentalness,liveness,loudness,speechiness,tempo,valence,popularity
0,Scream,1,2BU4dK1fu1CFLjTBz7ju7Q,This Place Hotel (a.k.a. Heartbreak Hotel),spotify:track:2BU4dK1fu1CFLjTBz7ju7Q,0.243,0.73,0.851,0.000143,0.117,-4.085,0.101,97.0,0.578,57
1,Scream,2,7azo4rpSUh8nXgtonC6Pkq,Thriller,spotify:track:7azo4rpSUh8nXgtonC6Pkq,0.0816,0.764,0.887,0.00011,0.847,-3.726,0.0744,118.427,0.72,68
3,Scream,4,6A4Jc8npNo79BOgsrPptLA,Somebody's Watching Me - Single Version,spotify:track:6A4Jc8npNo79BOgsrPptLA,0.0409,0.767,0.712,8.08e-05,0.132,-4.128,0.0324,124.092,0.804,6
4,Scream,5,4FC7GMnGwYeAjuvC83Srbs,Dirty Diana - 2012 Remaster,spotify:track:4FC7GMnGwYeAjuvC83Srbs,0.178,0.735,0.801,0.000408,0.324,-4.525,0.0437,131.425,0.331,63
5,Scream,6,0XOuVAHsANAWw0LF0Yxkw5,Torture,spotify:track:0XOuVAHsANAWw0LF0Yxkw5,0.0179,0.754,0.836,2.53e-06,0.35,-4.703,0.0425,131.13,0.965,55
6,Scream,7,7zILPDxYcUt7AFslua0mc5,Leave Me Alone - 2012 Remaster,spotify:track:7zILPDxYcUt7AFslua0mc5,0.332,0.844,0.964,0.00331,0.0743,-3.262,0.137,123.574,0.655,60
7,Scream,8,46576CnmgT6xr0RaZNF2Kt,Scream,spotify:track:46576CnmgT6xr0RaZNF2Kt,0.0991,0.782,0.966,1.1e-05,0.251,-3.894,0.115,106.529,0.542,58
13,Scream,14,2H89IUBV4rAmzOmTShrxRL,Blood On The Dance Floor X Dangerous (The White Panda Mash-Up),spotify:track:2H89IUBV4rAmzOmTShrxRL,0.261,0.743,0.924,0.0,0.394,-3.041,0.119,110.042,0.548,43
23,XSCAPE,2,5BKKy9fIJL5uM9fz1SnqyP,Chicago,spotify:track:5BKKy9fIJL5uM9fz1SnqyP,0.0784,0.608,0.756,0.0,0.187,-2.675,0.176,176.086,0.55,49
24,XSCAPE,3,4T1JlEsHdrxGxBltSFe5yA,Loving You,spotify:track:4T1JlEsHdrxGxBltSFe5yA,0.0997,0.711,0.744,1.91e-05,0.147,-4.007,0.068,94.523,0.676,49
25,XSCAPE,4,35SI5zFEhOeo4XDBMwS41S,A Place With No Name,spotify:track:35SI5zFEhOeo4XDBMwS41S,0.0103,0.538,0.698,3.45e-06,0.134,-4.282,0.305,118.752,0.424,57
26,XSCAPE,5,4h5KB1btt2aZBq9EJHmWF4,Slave to the Rhythm,spotify:track:4h5KB1btt2aZBq9EJHmWF4,0.146,0.739,0.96,3.68e-05,0.38,-2.293,0.0581,125.02,0.722,52
27,XSCAPE,6,3Is1bUS1YtytSOfLk8892G,Do You Know Where Your Children Are,spotify:track:3Is1bUS1YtytSOfLk8892G,0.0582,0.648,0.814,0.0,0.0799,-2.968,0.0487,99.989,0.354,42
28,XSCAPE,7,36lVpg8hgy37iZEazTOJBb,Blue Gangsta,spotify:track:36lVpg8hgy37iZEazTOJBb,0.177,0.624,0.701,0.0,0.0506,-4.122,0.0527,124.047,0.327,45
29,XSCAPE,8,0xzSpvDboL5Imo8cP1vMXm,Xscape,spotify:track:0xzSpvDboL5Imo8cP1vMXm,0.0496,0.773,0.83,2.79e-05,0.246,-3.735,0.0421,110.01,0.412,48
30,XSCAPE,9,7DciyLZWipMv860LBeupmK,Love Never Felt So Good (Original Version),spotify:track:7DciyLZWipMv860LBeupmK,0.828,0.608,0.427,2.96e-06,0.078,-9.233,0.032,120.435,0.58,48
31,XSCAPE,10,3yNhWgz57tAUFGQm2btQ56,Chicago (Original Version),spotify:track:3yNhWgz57tAUFGQm2btQ56,0.12,0.6,0.857,0.00849,0.115,-4.19,0.0284,164.058,0.827,39
32,XSCAPE,11,5Yo0Jz7YDAEPKsklNfQTA6,Loving You (Original Version),spotify:track:5Yo0Jz7YDAEPKsklNfQTA6,0.327,0.69,0.65,0.000492,0.178,-6.767,0.0448,94.899,0.635,41
33,XSCAPE,12,4ou1FyPwLpzeOU3YjeQ4Mw,A Place With No Name (Original Version),spotify:track:4ou1FyPwLpzeOU3YjeQ4Mw,0.176,0.876,0.804,0.0,0.0852,-3.727,0.061,118.752,0.888,42
34,XSCAPE,13,5L4dOpoWSz9CyvHvPjO5ao,Slave to the Rhythm (Original Version),spotify:track:5L4dOpoWSz9CyvHvPjO5ao,0.0353,0.963,0.899,0.000647,0.0758,-4.353,0.0822,120.937,0.92,41
35,XSCAPE,14,4atoBzVjNpqtfv1jyT1BS1,Do You Know Where Your Children Are (Original Version),spotify:track:4atoBzVjNpqtfv1jyT1BS1,0.288,0.744,0.831,4.49e-06,0.193,-3.583,0.138,97.094,0.855,37
36,XSCAPE,15,5r36hkZKxmL4gleijg8scM,Blue Gangsta (Original Version),spotify:track:5r36hkZKxmL4gleijg8scM,0.0607,0.898,0.47,4.7e-06,0.316,-4.132,0.188,124.059,0.717,38
37,XSCAPE,16,48rgfUDLasxWtrbVbWAvqH,Xscape (Original Version),spotify:track:48rgfUDLasxWtrbVbWAvqH,0.0633,0.79,0.93,0.00391,0.315,-2.49,0.0752,104.015,0.625,38
38,XSCAPE,17,48td6xvpokdYwvbl3JIiXP,Love Never Felt So Good,spotify:track:48td6xvpokdYwvbl3JIiXP,0.132,0.775,0.719,1.79e-06,0.0662,-6.212,0.0435,117.513,0.712,69
39,XSCAPE - Track by Track Commentary,1,1fCeK0LyjUIOKw9unnF7sI,About Love Never Felt So Good - Commentary by LA Reid,spotify:track:1fCeK0LyjUIOKw9unnF7sI,0.306,0.773,0.247,0.0,0.24,-16.228,0.923,59.266,0.601,27
40,XSCAPE - Track by Track Commentary,2,0C0f0DloFI7Kqi104RU9Sl,About Chicago - Commentary by LA Reid & Timbaland,spotify:track:0C0f0DloFI7Kqi104RU9Sl,0.288,0.61,0.364,0.0,0.568,-14.669,0.932,80.054,0.476,26
41,XSCAPE - Track by Track Commentary,3,1Z260vL8td3ibcjHsuQ8cd,About Loving You - Commentary by LA Reid & Timbaland,spotify:track:1Z260vL8td3ibcjHsuQ8cd,0.289,0.666,0.368,0.0,0.547,-16.571,0.933,147.064,0.504,26
42,XSCAPE - Track by Track Commentary,4,0uwPvNe0myDCnOye73uYZs,About A Place With No Name - Commentary by LA Reid,spotify:track:0uwPvNe0myDCnOye73uYZs,0.166,0.712,0.332,0.0,0.361,-18.014,0.922,127.274,0.312,26
43,XSCAPE - Track by Track Commentary,5,1MGnINtChOVbuNxz35DE2Q,About Slave to the Rhythm - Commentary by LA Reid & Timbaland,spotify:track:1MGnINtChOVbuNxz35DE2Q,0.0904,0.671,0.167,0.0,0.36,-14.982,0.89,89.267,0.722,25
44,XSCAPE - Track by Track Commentary,6,6J9qpZTuUJJWRQUpEjVdmQ,About Do You Know Where Your Children Are - Commentary by LA Reid & Timbaland,spotify:track:6J9qpZTuUJJWRQUpEjVdmQ,0.24,0.702,0.351,0.0,0.43,-15.93,0.942,110.276,0.679,25
45,XSCAPE - Track by Track Commentary,7,4NRh51gpNkdp1r3VSI1jCc,About Blue Gangsta - Commentary by LA Reid & Timbaland,spotify:track:4NRh51gpNkdp1r3VSI1jCc,0.288,0.811,0.47,0.0,0.712,-15.959,0.901,47.082,0.738,25
46,XSCAPE - Track by Track Commentary,8,5bauHt3U6nkmR6kZDgomzL,About Xscape - Commentary by LA Reid,spotify:track:5bauHt3U6nkmR6kZDgomzL,0.00599,0.705,0.272,0.0,0.386,-17.514,0.938,129.098,0.772,24
47,Michael,1,0pCyoA5o2uxUwIovECCziF,Hold My Hand (with Akon),spotify:track:0pCyoA5o2uxUwIovECCziF,0.191,0.606,0.72,0.0,0.108,-5.842,0.0374,90.017,0.381,61
48,Michael,2,5ensPSgQkRM60i8ZH3S9wG,Hollywood Tonight,spotify:track:5ensPSgQkRM60i8ZH3S9wG,0.00529,0.805,0.744,2.93e-05,0.0901,-4.898,0.0533,114.074,0.824,49
49,Michael,3,1hoegQXoKdKnAwqpXSvd4y,Keep Your Head Up,spotify:track:1hoegQXoKdKnAwqpXSvd4y,0.161,0.578,0.571,0.0,0.377,-4.993,0.0502,142.065,0.338,38
50,Michael,4,0DnKKKmHKzojMODmrQ7F9i,(I Like) The Way You Love Me,spotify:track:0DnKKKmHKzojMODmrQ7F9i,0.314,0.628,0.668,2.91e-05,0.228,-4.268,0.0279,95.008,0.507,46
51,Michael,5,0Lktdb6Ln1oxbOFtFkFjjP,Monster (feat. 50 Cent),spotify:track:0Lktdb6Ln1oxbOFtFkFjjP,0.00398,0.734,0.847,5.26e-05,0.178,-3.18,0.119,97.988,0.545,42
52,Michael,6,1xxV77cC2m366nO5JIx8he,Best of Joy,spotify:track:1xxV77cC2m366nO5JIx8he,0.172,0.731,0.677,1.27e-06,0.1,-4.797,0.027,98.706,0.784,38
53,Michael,7,1EvZR0biWt8uVNCqZg0Fpi,Breaking News,spotify:track:1EvZR0biWt8uVNCqZg0Fpi,0.0125,0.849,0.745,0.00881,0.373,-4.782,0.0661,113.021,0.673,37
54,Michael,8,5zKLTGk1EYhGYdbeP4DgL8,(I Can't Make It) Another Day (feat. Lenny Kravitz),spotify:track:5zKLTGk1EYhGYdbeP4DgL8,0.0344,0.678,0.837,7.51e-06,0.0471,-4.654,0.12,90.03,0.881,37
55,Michael,9,7GOfp80vVSXOAdACM4euuZ,Behind the Mask,spotify:track:7GOfp80vVSXOAdACM4euuZ,0.00586,0.756,0.913,0.0024,0.363,-2.567,0.0382,115.696,0.453,43
56,Michael,10,0U5pIKWg89q6188WGlcuKN,Much Too Soon,spotify:track:0U5pIKWg89q6188WGlcuKN,0.822,0.389,0.218,0.000392,0.114,-14.708,0.0335,84.167,0.316,37
57,Invincible,1,5L9anTQJGLyRObYDYvLWdh,Unbreakable,spotify:track:5L9anTQJGLyRObYDYvLWdh,0.0314,0.798,0.824,0.0933,0.0665,-0.933,0.144,94.017,0.851,48
58,Invincible,2,0L0wNdB2KJjQrymVBkMnAq,Heartbreaker,spotify:track:0L0wNdB2KJjQrymVBkMnAq,0.0184,0.843,0.947,0.000366,0.0888,-2.721,0.0907,136.998,0.847,41
59,Invincible,3,4HK6hmgMwGXHo3lUUNkiem,Invincible,spotify:track:4HK6hmgMwGXHo3lUUNkiem,0.0435,0.821,0.672,1.21e-05,0.0702,-1.579,0.121,94.156,0.544,42
60,Invincible,4,5UHM8Z6GXhaB6RUlBemByI,Break of Dawn,spotify:track:5UHM8Z6GXhaB6RUlBemByI,0.39,0.658,0.648,0.0,0.127,-3.074,0.106,81.007,0.409,48
61,Invincible,5,1AZXNAVDD9ZFIEKySgflFz,Heaven Can Wait,spotify:track:1AZXNAVDD9ZFIEKySgflFz,0.56,0.706,0.685,0.0,0.22,-3.669,0.0837,117.448,0.444,46
62,Invincible,6,1Lhwn4PqeGpM4LTVUowW76,You Rock My World,spotify:track:1Lhwn4PqeGpM4LTVUowW76,0.038,0.854,0.673,0.000227,0.255,-3.132,0.185,95.0,0.955,65
63,Invincible,7,0rT9f5BSZrZ6DvzfBEckG0,Butterflies,spotify:track:0rT9f5BSZrZ6DvzfBEckG0,0.0583,0.708,0.655,2.1e-06,0.11,-2.69,0.0883,89.99,0.545,58
64,Invincible,8,1O1LkHTi3Lep9OHE8BvOVe,Speechless,spotify:track:1O1LkHTi3Lep9OHE8BvOVe,0.565,0.459,0.37,0.0,0.234,-8.041,0.0471,133.907,0.118,45
65,Invincible,9,4aTYZL8uyGXAdmWOQy4Wgx,2000 Watts,spotify:track:4aTYZL8uyGXAdmWOQy4Wgx,0.0094,0.763,0.742,0.0116,0.0672,-3.113,0.155,90.503,0.242,40
66,Invincible,10,4ybCcJqXdPRLtz9Dfy92t4,You Are My Life,spotify:track:4ybCcJqXdPRLtz9Dfy92t4,0.155,0.619,0.568,0.0,0.188,-5.058,0.0349,130.201,0.214,42
67,Invincible,11,53NdDxLiNn7VSgDVi9KsYl,Privacy,spotify:track:53NdDxLiNn7VSgDVi9KsYl,0.117,0.732,0.769,0.0,0.0359,-1.828,0.0634,82.047,0.835,39
68,Invincible,12,1KWt1O0TZcdCkg3WIvkQaK,Don't Walk Away,spotify:track:1KWt1O0TZcdCkg3WIvkQaK,0.492,0.54,0.491,0.0,0.155,-5.749,0.0327,139.717,0.0991,39
69,Invincible,13,0wJelplx8NfzfyagNVaOVI,Cry,spotify:track:0wJelplx8NfzfyagNVaOVI,0.367,0.664,0.503,0.0,0.113,-5.979,0.0366,85.011,0.462,40
70,Invincible,14,00MAeOlplKSab33lINpZds,The Lost Children,spotify:track:00MAeOlplKSab33lINpZds,0.615,0.342,0.346,3.68e-05,0.0847,-6.913,0.0305,83.955,0.273,39
71,Invincible,15,4fK6bgzyKt4EIv3R1wrUtl,Whatever Happens,spotify:track:4fK6bgzyKt4EIv3R1wrUtl,0.371,0.677,0.741,2.37e-06,0.103,-2.829,0.0743,97.011,0.565,46
72,Invincible,16,6zD1z7vVrq3fYEuDDr2Fxi,Threatened,spotify:track:6zD1z7vVrq3fYEuDDr2Fxi,0.192,0.86,0.73,0.0,0.404,-4.303,0.236,97.026,0.397,39
73,BLOOD ON THE DANCE FLOOR/ HIStory In The Mix,1,11lw4bWbmxWIETHitBU0Gc,Blood on the Dance Floor,spotify:track:11lw4bWbmxWIETHitBU0Gc,0.0135,0.807,0.741,0.0316,0.06,-4.472,0.083,108.989,0.558,59
74,BLOOD ON THE DANCE FLOOR/ HIStory In The Mix,2,5cyUiyJ9ZtQfnvFU2y31RC,Morphine,spotify:track:5cyUiyJ9ZtQfnvFU2y31RC,0.167,0.888,0.933,0.00363,0.0521,-4.516,0.105,102.896,0.176,40
75,BLOOD ON THE DANCE FLOOR/ HIStory In The Mix,3,64se9mFGa972tiKHKnJnyG,Superfly Sister,spotify:track:64se9mFGa972tiKHKnJnyG,0.0115,0.816,0.909,0.0248,0.1,-4.476,0.0518,112.963,0.827,37
76,BLOOD ON THE DANCE FLOOR/ HIStory In The Mix,4,7s51HyYKRGWqkH1UWnApHh,Ghosts,spotify:track:7s51HyYKRGWqkH1UWnApHh,0.0527,0.828,0.915,5.3e-05,0.634,-4.369,0.155,103.219,0.782,50
77,BLOOD ON THE DANCE FLOOR/ HIStory In The Mix,5,1H43TqXTWkEhXjdw3LEfUS,Is It Scary,spotify:track:1H43TqXTWkEhXjdw3LEfUS,0.399,0.628,0.868,0.00126,0.353,-5.463,0.0634,108.857,0.283,41
78,BLOOD ON THE DANCE FLOOR/ HIStory In The Mix,6,45I4o7CBHKEUie84viUIuM,Scream Louder - Flyte Tyme Remix,spotify:track:45I4o7CBHKEUie84viUIuM,0.0792,0.771,0.957,0.00351,0.0977,-6.642,0.212,105.533,0.469,33
79,BLOOD ON THE DANCE FLOOR/ HIStory In The Mix,7,3ePJSoCy4owa8jLRiYlE1u,Money - Fire Island Radio Edit,spotify:track:3ePJSoCy4owa8jLRiYlE1u,0.0019,0.796,0.824,0.0758,0.045,-9.25,0.044,114.013,0.83,30
80,BLOOD ON THE DANCE FLOOR/ HIStory In The Mix,8,7hYyDytE51gtqG3JzvQdz3,2 Bad - Refugee Camp Mix,spotify:track:7hYyDytE51gtqG3JzvQdz3,0.192,0.85,0.922,0.0,0.0517,-6.902,0.0869,103.867,0.813,31
81,BLOOD ON THE DANCE FLOOR/ HIStory In The Mix,9,5dWL7WXyzTdho4tplQqJzK,Stranger in Moscow - Tee's In-House Club Mix,spotify:track:5dWL7WXyzTdho4tplQqJzK,0.0014,0.77,0.875,0.334,0.106,-5.491,0.0531,124.11,0.845,32
82,BLOOD ON THE DANCE FLOOR/ HIStory In The Mix,10,35dPTlVylfHvcgIVj1M9LW,This Time Around - D.M. Radio Mix,spotify:track:35dPTlVylfHvcgIVj1M9LW,0.00473,0.86,0.918,1.22e-05,0.0575,-5.515,0.0685,123.336,0.572,28
83,BLOOD ON THE DANCE FLOOR/ HIStory In The Mix,11,4Uw7RAKTS31MDUJ9KSxmCz,Earth Song - Hani's Extended Radio Experience,spotify:track:4Uw7RAKTS31MDUJ9KSxmCz,0.00594,0.731,0.614,0.686,0.106,-10.177,0.0463,129.343,0.548,31
84,BLOOD ON THE DANCE FLOOR/ HIStory In The Mix,12,0QMzztcTWRykks8aXErji5,You Are Not Alone - Classic Club Mix,spotify:track:0QMzztcTWRykks8aXErji5,0.00363,0.606,0.853,0.0062,0.0432,-7.189,0.0364,124.516,0.695,32
85,BLOOD ON THE DANCE FLOOR/ HIStory In The Mix,13,2tjDDVaEtfp6JPtnTEAvoE,History - Tony Moran's HIStory Lesson,spotify:track:2tjDDVaEtfp6JPtnTEAvoE,0.00198,0.677,0.881,0.0192,0.109,-5.878,0.0489,123.93,0.683,32
100,Manila 1996,3,7sip5NYivSG0oNOFqHbF58,In The Closet,spotify:track:7sip5NYivSG0oNOFqHbF58,0.527,0.882,0.572,0.0203,0.339,-15.58,0.0937,110.204,0.51,20
102,Manila 1996,5,20nOQxLgMnX67rgmcvQ1GQ,Stranger In Moscow,spotify:track:20nOQxLgMnX67rgmcvQ1GQ,0.767,0.705,0.401,0.00934,0.57,-16.29,0.0522,129.876,0.453,20
103,Manila 1996,6,2el8hxTWzCo6QcPcZAoR10,Smooth Criminal,spotify:track:2el8hxTWzCo6QcPcZAoR10,0.698,0.803,0.785,0.755,0.394,-14.054,0.0605,121.029,0.728,33
105,Manila 1996,8,01lpkK5JWitnj0B09NJygI,Jackson 5 Medley,spotify:track:01lpkK5JWitnj0B09NJygI,0.668,0.251,0.655,0.00459,0.597,-14.918,0.188,152.426,0.391,20
109,Manila 1996,12,50WGm06P3p3koRu15Hp7BZ,Black Or White,spotify:track:50WGm06P3p3koRu15Hp7BZ,0.533,0.634,0.907,0.105,0.644,-13.373,0.0711,116.762,0.441,24
111,Manila 1996,14,3QT4kU9BoLkye1iUj1ZbFW,Heal The World,spotify:track:3QT4kU9BoLkye1iUj1ZbFW,0.592,0.309,0.702,0.000284,0.296,-9.21,0.0521,80.809,0.616,21
114,"HIStory - PAST, PRESENT AND FUTURE - BOOK I",2,541jTq3SOEELKvcfA0jHI0,The Way You Make Me Feel,spotify:track:541jTq3SOEELKvcfA0jHI0,0.037,0.607,0.817,0.000607,0.116,-5.926,0.11,114.482,0.508,58
116,"HIStory - PAST, PRESENT AND FUTURE - BOOK I",4,5yxIenY5kSLlgTr3XGYw9p,Rock With You,spotify:track:5yxIenY5kSLlgTr3XGYw9p,0.0794,0.793,0.741,0.00029,0.116,-6.494,0.0393,114.489,0.856,56
117,"HIStory - PAST, PRESENT AND FUTURE - BOOK I",5,1UpdFu6w98DuTMW8twhT6D,She's Out Of My Life,spotify:track:1UpdFu6w98DuTMW8twhT6D,0.96,0.247,0.12,0.000759,0.111,-15.419,0.0361,88.918,0.126,45
118,"HIStory - PAST, PRESENT AND FUTURE - BOOK I",6,3FvQH46A4B37eNHjooIXcu,Bad,spotify:track:3FvQH46A4B37eNHjooIXcu,0.00712,0.802,0.869,0.241,0.0585,-5.03,0.0456,114.14,0.339,58
119,"HIStory - PAST, PRESENT AND FUTURE - BOOK I",7,4yD5hKvrw3L6sRJbzgaFwe,I Just Can't Stop Loving You,spotify:track:4yD5hKvrw3L6sRJbzgaFwe,0.63,0.655,0.488,5.74e-06,0.0412,-8.237,0.0354,100.158,0.251,55
120,"HIStory - PAST, PRESENT AND FUTURE - BOOK I",8,2u2udGmop1z67EPpr91km7,Man in the Mirror,spotify:track:2u2udGmop1z67EPpr91km7,0.429,0.794,0.798,1.16e-05,0.118,-5.639,0.0366,100.338,0.265,64
129,"HIStory - PAST, PRESENT AND FUTURE - BOOK I",2,3wuCCNCnBhJlwkIJTBZFiv,They Don't Care About Us,spotify:track:3wuCCNCnBhJlwkIJTBZFiv,0.205,0.859,0.905,0.00837,0.322,-5.539,0.129,89.946,0.731,71
130,"HIStory - PAST, PRESENT AND FUTURE - BOOK I",3,64KrFHj9p5AyCX2yZQr4YJ,Stranger in Moscow,spotify:track:64KrFHj9p5AyCX2yZQr4YJ,0.248,0.802,0.468,0.000601,0.32,-8.629,0.0378,129.937,0.586,57
131,"HIStory - PAST, PRESENT AND FUTURE - BOOK I",4,6U6Cr0sQTmuvPqEs8iLgPn,This Time Around,spotify:track:6U6Cr0sQTmuvPqEs8iLgPn,0.0471,0.879,0.825,0.000531,0.0648,-4.698,0.0534,105.857,0.9,44
132,"HIStory - PAST, PRESENT AND FUTURE - BOOK I",5,4GCGH6TJ69neckwITeBFXK,Earth Song,spotify:track:4GCGH6TJ69neckwITeBFXK,0.482,0.501,0.439,0.000117,0.087,-7.521,0.0313,138.377,0.145,64
133,"HIStory - PAST, PRESENT AND FUTURE - BOOK I",6,7roNDDmU52OYgYwCN9SI8E,D.S.,spotify:track:7roNDDmU52OYgYwCN9SI8E,0.218,0.889,0.914,0.00595,0.347,-4.308,0.0637,109.464,0.972,44
134,"HIStory - PAST, PRESENT AND FUTURE - BOOK I",7,2VCSO1mqWPALcPbEQwgSd3,Money,spotify:track:2VCSO1mqWPALcPbEQwgSd3,0.032,0.899,0.681,1.82e-05,0.196,-6.913,0.0804,102.942,0.817,44
135,"HIStory - PAST, PRESENT AND FUTURE - BOOK I",8,3tE5OfatEheU3L5nSpW9FD,Come Together,spotify:track:3tE5OfatEheU3L5nSpW9FD,0.112,0.825,0.775,0.000687,0.0782,-6.161,0.0381,89.601,0.764,52
136,"HIStory - PAST, PRESENT AND FUTURE - BOOK I",9,3AoeaZs8dFemFJr3JdzOL0,You Are Not Alone,spotify:track:3AoeaZs8dFemFJr3JdzOL0,0.639,0.651,0.402,7.73e-05,0.0765,-9.303,0.028,119.873,0.258,66
137,"HIStory - PAST, PRESENT AND FUTURE - BOOK I",10,1Cfx6KBsyF0tEKbZbS4faj,"Childhood (Theme from ""Free Willy 2"")",spotify:track:1Cfx6KBsyF0tEKbZbS4faj,0.799,0.175,0.204,4.88e-05,0.147,-11.414,0.0362,73.106,0.0795,43
138,"HIStory - PAST, PRESENT AND FUTURE - BOOK I",11,7n6DnNdKKhjyDa1GlGgLeQ,Tabloid Junkie,spotify:track:7n6DnNdKKhjyDa1GlGgLeQ,0.0866,0.814,0.877,7.62e-05,0.277,-7.134,0.153,111.179,0.579,45
139,"HIStory - PAST, PRESENT AND FUTURE - BOOK I",12,5Bw9bAHGaykCFLP0VyqNbJ,2 Bad,spotify:track:5Bw9bAHGaykCFLP0VyqNbJ,0.0698,0.868,0.943,9.34e-06,0.401,-3.85,0.249,103.962,0.52,45
140,"HIStory - PAST, PRESENT AND FUTURE - BOOK I",13,1EdzLQKCE066beJkDfaagd,History,spotify:track:1EdzLQKCE066beJkDfaagd,0.476,0.411,0.594,0.0,0.592,-7.74,0.14,92.35,0.453,44
141,"HIStory - PAST, PRESENT AND FUTURE - BOOK I",14,0nxdtEWLQeLcJ2IQwDftAU,Little Susie / Pie Jesu,spotify:track:0nxdtEWLQeLcJ2IQwDftAU,0.836,0.318,0.182,0.000987,0.0423,-13.168,0.0351,134.638,0.0541,40
142,"HIStory - PAST, PRESENT AND FUTURE - BOOK I",15,1iin2Ll8PHPzoh6xF6LQRh,Smile,spotify:track:1iin2Ll8PHPzoh6xF6LQRh,0.713,0.258,0.301,6.99e-05,0.107,-8.654,0.0307,85.103,0.0396,45
172,Dangerous,1,2EI8uljBPaI23VUr2tv4eS,Jam,spotify:track:2EI8uljBPaI23VUr2tv4eS,0.0487,0.884,0.96,0.0227,0.271,-4.613,0.0721,116.273,0.617,59
173,Dangerous,2,3kFMRdbxcBkPopY8mMFmSU,Why You Wanna Trip on Me,spotify:track:3kFMRdbxcBkPopY8mMFmSU,0.0127,0.889,0.727,0.00275,0.179,-5.845,0.0852,109.656,0.51,47
174,Dangerous,3,5Fy40smNxk0j5OpFMtvfaU,In the Closet,spotify:track:5Fy40smNxk0j5OpFMtvfaU,0.117,0.877,0.781,0.000746,0.149,-3.775,0.0691,110.494,0.606,58
175,Dangerous,4,6yLdWiAkS1ZUrTdgm0yKXL,She Drives Me Wild,spotify:track:6yLdWiAkS1ZUrTdgm0yKXL,0.0691,0.906,0.93,0.0,0.463,-2.081,0.206,109.544,0.643,45
176,Dangerous,5,4jnFqNWeJCeCRHc4HCdxfd,Remember the Time,spotify:track:4jnFqNWeJCeCRHc4HCdxfd,0.153,0.831,0.921,0.00224,0.305,-2.383,0.0582,108.002,0.795,69
177,Dangerous,6,75yYXB96tX1BlSMgL0SMsA,Can't Let Her Get Away,spotify:track:75yYXB96tX1BlSMgL0SMsA,0.13,0.873,0.973,0.688,0.112,-1.947,0.127,108.489,0.582,44
178,Dangerous,7,7woW97CfcWaKtuC6W5BP2K,Heal the World,spotify:track:7woW97CfcWaKtuC6W5BP2K,0.537,0.545,0.485,1.8e-06,0.104,-8.045,0.0485,80.948,0.101,68
179,Dangerous,8,7EsjkelQuoUlJXEw7SeVV4,Black or White,spotify:track:7EsjkelQuoUlJXEw7SeVV4,0.174,0.518,0.901,0.0314,0.0712,-3.749,0.093,115.026,0.873,67
180,Dangerous,9,4HWcWgleTuUAWnVPNwW4CM,Who Is It,spotify:track:4HWcWgleTuUAWnVPNwW4CM,0.0153,0.861,0.594,0.000326,0.104,-4.658,0.121,103.159,0.506,58
181,Dangerous,10,1euDTbMNRPNfKd8zZz4zTT,Give In to Me,spotify:track:1euDTbMNRPNfKd8zZz4zTT,0.152,0.502,0.855,0.000488,0.106,-3.27,0.0305,86.968,0.337,59
182,Dangerous,11,1igW25R8lnb5ze9GWbuVsl,Will You Be There,spotify:track:1igW25R8lnb5ze9GWbuVsl,0.819,0.348,0.432,0.0856,0.191,-9.553,0.0388,82.911,0.141,56
183,Dangerous,12,4J4B9TrVrvQVS6GRPtaxrA,Keep the Faith,spotify:track:4J4B9TrVrvQVS6GRPtaxrA,0.556,0.751,0.646,0.0,0.0869,-5.547,0.0484,143.241,0.671,43
184,Dangerous,13,66mXHPRfAwbnNKnTCNpytj,Gone Too Soon,spotify:track:66mXHPRfAwbnNKnTCNpytj,0.89,0.268,0.186,0.00271,0.097,-12.736,0.0338,69.361,0.118,51
185,Dangerous,14,3u4RKvwDT3CKeYbjxqXEye,Dangerous,spotify:track:3u4RKvwDT3CKeYbjxqXEye,0.025,0.943,0.708,2.34e-05,0.0846,-4.686,0.116,112.958,0.581,57
197,Bad 25th Anniversary,1,5lWFrW5T3JtxVCLDb7etPu,Bad - 2012 Remaster,spotify:track:5lWFrW5T3JtxVCLDb7etPu,0.00462,0.787,0.889,0.423,0.0665,-3.786,0.0397,114.091,0.394,72
198,Bad 25th Anniversary,2,0sKlV58cODrjxGFOyf9IXY,The Way You Make Me Feel - 2012 Remaster,spotify:track:0sKlV58cODrjxGFOyf9IXY,0.0544,0.877,0.854,5.5e-05,0.144,-4.523,0.147,114.472,0.54,73
199,Bad 25th Anniversary,3,2w7VEWHtt8WW88Yt5H9ibZ,Speed Demon - 2012 Remaster,spotify:track:2w7VEWHtt8WW88Yt5H9ibZ,0.000777,0.789,0.748,0.479,0.304,-4.998,0.0521,98.9,0.235,52
200,Bad 25th Anniversary,4,5OoRmdDfAiDztSwrhe7wuE,Liberian Girl - 2012 Remastered Version,spotify:track:5OoRmdDfAiDztSwrhe7wuE,0.464,0.749,0.546,0.00191,0.126,-7.217,0.103,105.232,0.454,60
201,Bad 25th Anniversary,5,75Rv9SkGILm24kmhAYvjZg,Just Good Friends - 2012 Remaster,spotify:track:75Rv9SkGILm24kmhAYvjZg,0.577,0.859,0.934,1.56e-05,0.627,-3.08,0.107,118.888,0.762,45
202,Bad 25th Anniversary,6,21VCYxPZ8A2XpSNUyQCT3B,Another Part of Me - 2012 Remaster,spotify:track:21VCYxPZ8A2XpSNUyQCT3B,0.11,0.78,0.868,7.67e-05,0.352,-4.5,0.0705,106.069,0.773,56
203,Bad 25th Anniversary,7,1kiNatIrwDusOZfR29W0LJ,Man in the Mirror - 2012 Remaster,spotify:track:1kiNatIrwDusOZfR29W0LJ,0.52,0.808,0.812,7.91e-05,0.134,-5.012,0.0381,100.331,0.269,69
204,Bad 25th Anniversary,8,2fytePz8UsbUr8n33QBEcm,I Just Can't Stop Loving You (feat. Siedah Garrett) - 2012 Remaster,spotify:track:2fytePz8UsbUr8n33QBEcm,0.667,0.657,0.467,1.92e-06,0.0295,-8.925,0.0341,100.139,0.276,66
206,Bad 25th Anniversary,10,2bCQHF9gdG5BNDVuEIEnNk,Smooth Criminal - 2012 Remaster,spotify:track:2bCQHF9gdG5BNDVuEIEnNk,0.247,0.853,0.981,0.468,0.306,-3.947,0.0751,118.193,0.595,77
208,Bad 25th Anniversary,1,4DdtaYlJk11wRpRC6eMhHa,Don't Be Messin' 'Round,spotify:track:4DdtaYlJk11wRpRC6eMhHa,0.0568,0.931,0.737,0.0155,0.0431,-7.975,0.0443,120.929,0.973,40
209,Bad 25th Anniversary,2,4E4uk2y03wLssBIOjQSUoG,I'm So Blue,spotify:track:4E4uk2y03wLssBIOjQSUoG,0.222,0.799,0.391,9.98e-05,0.218,-9.724,0.0389,94.189,0.607,41
210,Bad 25th Anniversary,3,3YkgiRmt9aNzfxXgcij7eY,Song Groove (a.k.a. Abortion Papers),spotify:track:3YkgiRmt9aNzfxXgcij7eY,0.266,0.922,0.922,0.18,0.0437,-3.464,0.0488,133.208,0.963,39
211,Bad 25th Anniversary,4,1NeR1aXj5JBFYcDVvMqQpO,Free,spotify:track:1NeR1aXj5JBFYcDVvMqQpO,0.215,0.842,0.529,4.68e-06,0.0723,-6.48,0.0307,121.001,0.584,39
212,Bad 25th Anniversary,5,4xrw5lHtYDYHIFj96Tse7O,Price of Fame,spotify:track:4xrw5lHtYDYHIFj96Tse7O,0.157,0.862,0.719,0.000124,0.0956,-4.281,0.0436,122.881,0.906,40
213,Bad 25th Anniversary,6,3d9E8xXtuKmqNNxA1YW5ax,Al Capone,spotify:track:3d9E8xXtuKmqNNxA1YW5ax,0.0678,0.794,0.889,0.151,0.0686,-3.696,0.0569,112.279,0.951,43
214,Bad 25th Anniversary,7,0zZRYdXy3STXl8o847K5By,Streetwalker,spotify:track:0zZRYdXy3STXl8o847K5By,0.216,0.939,0.749,0.00618,0.29,-4.56,0.0464,117.675,0.943,45
215,Bad 25th Anniversary,8,0oleopAuBlxuq7fcFl9Ap8,Fly Away,spotify:track:0oleopAuBlxuq7fcFl9Ap8,0.102,0.763,0.564,0.0,0.0415,-7.63,0.0293,110.906,0.525,39
216,Bad 25th Anniversary,9,2O9llQaI7q6FPY2afs9k8R,Todo Mi Amor Eres Tu (I Just Can't Stop Loving You),spotify:track:2O9llQaI7q6FPY2afs9k8R,0.669,0.386,0.496,0.0,0.0649,-7.203,0.0643,199.995,0.3,42
217,Bad 25th Anniversary,10,6KYO3lxxVzKdb4zcyEgkaS,Je Ne Veux Pas La Fin De Nous (I Just Can't Stop Loving You) - French Version,spotify:track:6KYO3lxxVzKdb4zcyEgkaS,0.601,0.65,0.508,0.0,0.0828,-7.993,0.0339,100.149,0.222,36
218,Bad 25th Anniversary,11,7lVHsLX1Tgy0UqQFk8NsCO,Bad (feat. Pitbull),spotify:track:7lVHsLX1Tgy0UqQFk8NsCO,0.0338,0.779,0.909,0.0388,0.605,-4.558,0.0885,127.976,0.605,41
219,Bad 25th Anniversary,12,38EeKmUjNEF1KA4KfcEB0v,Speed Demon (Remix by Nero),spotify:track:38EeKmUjNEF1KA4KfcEB0v,0.000309,0.582,0.864,0.54,0.334,-5.361,0.0438,102.971,0.064,41
220,Bad 25th Anniversary,13,5yWui9wtvNkbbKNcYc5fJG,Bad - Remix By AfroJack-Club Mix,spotify:track:5yWui9wtvNkbbKNcYc5fJG,0.0278,0.799,0.767,0.807,0.203,-5.375,0.116,127.986,0.538,38
222,Thriller,2,6XYbMGvtl6tlPoGWaiH7EY,Baby Be Mine,spotify:track:6XYbMGvtl6tlPoGWaiH7EY,0.0848,0.843,0.483,7.63e-06,0.0741,-10.288,0.095,109.588,0.665,57
229,Thriller,9,07L1pzoVerhRSSaDGZHrKy,The Lady in My Life,spotify:track:07L1pzoVerhRSSaDGZHrKy,0.369,0.662,0.344,0.000109,0.0589,-13.93,0.0487,146.016,0.436,57
239,Thriller 25 Super Deluxe Edition,1,2kulOHR2XY6YDZCWXb38hn,Wanna Be Startin' Somethin',spotify:track:2kulOHR2XY6YDZCWXb38hn,0.0219,0.846,0.922,0.355,0.0623,-4.206,0.0438,122.195,0.899,64
241,Thriller 25 Super Deluxe Edition,3,1diEQsD8PJC9hXB5Gpfgtn,The Girl Is Mine (with Paul McCartney),spotify:track:1diEQsD8PJC9hXB5Gpfgtn,0.269,0.671,0.636,4.09e-06,0.18,-6.673,0.0558,81.477,0.651,61
243,Thriller 25 Super Deluxe Edition,5,1OOtq8tRnDM8kG2gqUPjAj,Beat It,spotify:track:1OOtq8tRnDM8kG2gqUPjAj,0.0491,0.779,0.867,7.98e-06,0.197,-3.704,0.0457,138.858,0.915,79
244,Thriller 25 Super Deluxe Edition,6,5ChkMS8OtdzJeqyybCc9R5,Billie Jean,spotify:track:5ChkMS8OtdzJeqyybCc9R5,0.0236,0.92,0.654,0.0158,0.0359,-3.051,0.0401,117.046,0.847,84
245,Thriller 25 Super Deluxe Edition,7,35lAjvsvS9k9HHuP1fjDT8,Human Nature,spotify:track:35lAjvsvS9k9HHuP1fjDT8,0.541,0.624,0.512,0.00478,0.26,-10.041,0.0297,93.059,0.685,65
246,Thriller 25 Super Deluxe Edition,8,5lA3pwMkBdd24StM90QrNR,P.Y.T. (Pretty Young Thing),spotify:track:5lA3pwMkBdd24StM90QrNR,0.23,0.888,0.815,0.000424,0.127,-4.909,0.0404,127.273,0.961,71
248,Thriller 25 Super Deluxe Edition,10,1G3EVrzpUJHM3p1rVXdWPc,"Vincent Price Excerpt From ""Thriller"" Voice-Over Session - Thriller 25th Anniversary Voice-Over Session",spotify:track:1G3EVrzpUJHM3p1rVXdWPc,0.619,0.669,0.914,6.18e-05,0.951,-15.762,0.938,149.04,0.0554,8
249,Thriller 25 Super Deluxe Edition,11,3P5LP0QEswwTGJSlESoeB5,The Girl Is Mine 2008 with will.i.am (with will.i.am) - Thriller 25th Anniversary Remix,spotify:track:3P5LP0QEswwTGJSlESoeB5,0.0443,0.77,0.747,0.0,0.0864,-6.626,0.135,96.001,0.926,41
250,Thriller 25 Super Deluxe Edition,12,4tYeov7pG1Hk1xaRP94Io5,P.Y.T. (Pretty Young Thing) 2008 with will.i.am (with will.i.am) - Thriller 25th Anniversary Remix feat. willi.i.am,spotify:track:4tYeov7pG1Hk1xaRP94Io5,0.0216,0.827,0.805,2.27e-05,0.195,-7.042,0.0914,109.348,0.674,40
251,Thriller 25 Super Deluxe Edition,13,15A3uqmUTxJ1KJGfAdiywb,Wanna Be Startin' Somethin' 2008 with Akon (with Akon) - Thriller 25th Anniversary Remix,spotify:track:15A3uqmUTxJ1KJGfAdiywb,0.117,0.82,0.952,0.000258,0.106,-4.778,0.0723,121.949,0.36,41
252,Thriller 25 Super Deluxe Edition,14,4WOd40p1zhy3cWL0Eh4yAy,Beat It 2008 (with Fergie) - Thriller 25th Anniversary Remix feat. Fergie,spotify:track:4WOd40p1zhy3cWL0Eh4yAy,0.00597,0.829,0.683,0.0,0.185,-6.037,0.0576,138.013,0.633,42
253,Thriller 25 Super Deluxe Edition,15,17bgTUPOnLLVavmeS2Pc0B,Billie Jean 2008 Kanye West Mix (feat. Kanye West) - Thriller 25th Anniversary Remix,spotify:track:17bgTUPOnLLVavmeS2Pc0B,0.00948,0.713,0.822,0.000781,0.223,-6.631,0.0346,101.986,0.257,42
254,Thriller 25 Super Deluxe Edition,16,4NYi8J4w2AuI9qyv5bY2Nt,For All Time,spotify:track:4NYi8J4w2AuI9qyv5bY2Nt,0.291,0.651,0.493,0.0,0.0872,-8.581,0.041,84.966,0.496,42
255,Thriller 25 Super Deluxe Edition,17,3Xq33ThZ4gEje8gdVm85Ve,Voice-Over Intro Quincy Jones Interview #1 / Quincy Jones Interview #1,spotify:track:3Xq33ThZ4gEje8gdVm85Ve,0.983,0.723,0.321,0.0,0.486,-14.935,0.897,116.78,0.608,33
256,Thriller 25 Super Deluxe Edition,18,2CxNfpTOTaThbGNGTmQ9Xg,Someone in the Dark,spotify:track:2CxNfpTOTaThbGNGTmQ9Xg,0.748,0.231,0.273,1.72e-05,0.145,-11.584,0.031,101.984,0.118,39
257,Thriller 25 Super Deluxe Edition,19,5hYxcTFDceQRd9jQKn6N6T,Voice-Over Intro Quincy Jones Interview #2/Quincy Jones Interview #2 / Voice-Over Intro Billie Jean (Demo),spotify:track:5hYxcTFDceQRd9jQKn6N6T,0.981,0.683,0.329,0.0,0.335,-15.209,0.953,85.062,0.63,32
258,Thriller 25 Super Deluxe Edition,20,0FsyTSZ4Ghi1SpKJvJfJnZ,Billie Jean (Home Demo from 1981),spotify:track:0FsyTSZ4Ghi1SpKJvJfJnZ,0.0681,0.953,0.441,0.000111,0.0635,-8.462,0.0434,114.979,0.52,38
259,Thriller 25 Super Deluxe Edition,21,08T3XRWA3rTjOAu682I80g,Quincy Jones Interview #3,spotify:track:08T3XRWA3rTjOAu682I80g,0.986,0.675,0.268,0.0,0.219,-17.569,0.933,96.876,0.492,32
260,Thriller 25 Super Deluxe Edition,22,443n9T3L7lbvnwtwtkC7vl,Voice-Over Intro Rod Temperton Interview #1 / Rod Temperton Interview #1,spotify:track:443n9T3L7lbvnwtwtkC7vl,0.439,0.735,0.256,0.0,0.423,-14.822,0.925,71.944,0.641,30
261,Thriller 25 Super Deluxe Edition,23,56omgpLsxvyalOj6o1HWDP,Quincy Jones Interview #4,spotify:track:56omgpLsxvyalOj6o1HWDP,0.984,0.652,0.311,1.05e-06,0.223,-16.512,0.926,81.659,0.567,32
262,Thriller 25 Super Deluxe Edition,24,51PXL2lCvWSN41KhOcVdBE,Voice-Over Intro / Voice-Over Session from Thriller,spotify:track:51PXL2lCvWSN41KhOcVdBE,0.279,0.528,0.453,0.0,0.593,-18.484,0.96,75.676,0.436,29
263,Thriller 25 Super Deluxe Edition,25,1xU5NiN3ZKUa3J3S93aYd5,Voice-Over Intro Rod Temperton Interview #2 / Rod Temperton Interview #2,spotify:track:1xU5NiN3ZKUa3J3S93aYd5,0.718,0.619,0.227,0.0,0.624,-17.923,0.95,181.398,0.647,29
264,Thriller 25 Super Deluxe Edition,26,5UkQojZQHZntZHe2WoLo0n,Quincy Jones Interview #5,spotify:track:5UkQojZQHZntZHe2WoLo0n,0.987,0.721,0.244,3.7e-06,0.462,-17.839,0.919,107.009,0.588,28
265,Thriller 25 Super Deluxe Edition,27,6MCFKOiRbDppSzOFKvHlnk,Carousel,spotify:track:6MCFKOiRbDppSzOFKvHlnk,0.282,0.726,0.611,0.0,0.264,-7.507,0.113,159.228,0.555,41
266,Thriller 25 Super Deluxe Edition,28,5jT0aOxgDOfW8naiT2YegG,Voice-Over Intro Quincy Jones Interview #6 / Quincy Jones Interview #6,spotify:track:5jT0aOxgDOfW8naiT2YegG,0.981,0.756,0.308,3.74e-06,0.321,-13.703,0.931,97.155,0.75,30
267,Thriller 25 Super Deluxe Edition,29,6m9V5QOltZ8At8vIAayTnq,Billie Jean - Underground Mix,spotify:track:6m9V5QOltZ8At8vIAayTnq,3.75e-05,0.808,0.816,0.876,0.0285,-5.963,0.0506,118.959,0.605,33
268,Thriller 25 Super Deluxe Edition,30,3yYt5HIf99u6lsinB95Ku8,Thriller - Instrumental,spotify:track:3yYt5HIf99u6lsinB95Ku8,0.0222,0.744,0.852,0.0891,0.94,-5.306,0.0445,118.126,0.75,36
269,Off the Wall,1,46eu3SBuFCXWsPT39Yg3tJ,Don't Stop 'Til You Get Enough,spotify:track:46eu3SBuFCXWsPT39Yg3tJ,0.126,0.878,0.821,0.0461,0.183,-9.875,0.089,118.881,0.947,75
270,Off the Wall,2,7oOOI85fVQvVnK5ynNMdW7,Rock with You - Single Version,spotify:track:7oOOI85fVQvVnK5ynNMdW7,0.179,0.808,0.535,9.91e-05,0.158,-12.521,0.0353,114.031,0.848,74
271,Off the Wall,3,6BdiFsPMPkSEEO4fFXFVWX,Workin' Day and Night,spotify:track:6BdiFsPMPkSEEO4fFXFVWX,0.0461,0.907,0.875,0.00349,0.13,-11.001,0.0635,129.797,0.865,59
272,Off the Wall,4,78XG7U0UueeC86XpzF9O7f,Get on the Floor,spotify:track:78XG7U0UueeC86XpzF9O7f,0.0629,0.809,0.892,0.344,0.0334,-11.443,0.0437,124.435,0.89,52
273,Off the Wall,5,3zYpRGnnoegSpt3SguSo3W,Off the Wall,spotify:track:3zYpRGnnoegSpt3SguSo3W,0.182,0.827,0.595,0.0,0.0785,-13.909,0.0565,118.741,0.921,62
274,Off the Wall,6,1nCV2d1RAch7t2kRmwet5N,Girlfriend,spotify:track:1nCV2d1RAch7t2kRmwet5N,0.4,0.883,0.4,1.33e-05,0.0756,-14.882,0.0498,102.767,0.905,50
275,Off the Wall,7,6NGsHLZYGVAkXTFr75WWnn,She's Out of My Life - Single Version,spotify:track:6NGsHLZYGVAkXTFr75WWnn,0.962,0.293,0.0348,0.000212,0.105,-23.92,0.0414,130.959,0.101,58
276,Off the Wall,8,1HibhNhwk2tljwC4BGGLXV,I Can't Help It,spotify:track:1HibhNhwk2tljwC4BGGLXV,0.704,0.684,0.394,5.76e-06,0.178,-19.075,0.0908,100.068,0.429,57
277,Off the Wall,9,0CeE7kE8zAnfKIVpdmOaJl,It's the Falling in Love,spotify:track:0CeE7kE8zAnfKIVpdmOaJl,0.206,0.794,0.551,1.01e-05,0.289,-14.607,0.0498,105.547,0.91,49
278,Off the Wall,10,6aCs8gCrp4yrwvw7ylhau2,Burn This Disco Out,spotify:track:6aCs8gCrp4yrwvw7ylhau2,0.213,0.847,0.709,0.000252,0.0473,-11.343,0.0335,116.458,0.961,47
279,Forever Michael,1,271PfBUXOXoQCcBgvxTqSF,We're Almost There,spotify:track:271PfBUXOXoQCcBgvxTqSF,0.0851,0.569,0.673,2.91e-06,0.647,-12.955,0.0638,93.575,0.803,31
280,Forever Michael,2,5c52g1CsyGTVaBktoGz5Rm,Take Me Back,spotify:track:5c52g1CsyGTVaBktoGz5Rm,0.296,0.682,0.643,0.00225,0.328,-13.87,0.0342,99.702,0.856,26
281,Forever Michael,3,77fMGCDb1e3KEd060YEpyS,One Day In Your Life,spotify:track:77fMGCDb1e3KEd060YEpyS,0.627,0.307,0.354,0.0102,0.21,-15.855,0.0323,81.562,0.239,48
282,Forever Michael,4,1bsCacKN3Tvfjkfs93ITtU,Cinderella Stay Awhile,spotify:track:1bsCacKN3Tvfjkfs93ITtU,0.361,0.702,0.434,0.000417,0.294,-14.962,0.0464,130.06,0.785,22
283,Forever Michael,5,0q7poNbClOWHtByN3r46Bg,We've Got Forever,spotify:track:0q7poNbClOWHtByN3r46Bg,0.418,0.453,0.614,0.00155,0.256,-14.469,0.0874,174.165,0.657,22
284,Forever Michael,6,12ce8QZpW9GdN5rf0H8JlX,Just A Little Bit Of You,spotify:track:12ce8QZpW9GdN5rf0H8JlX,0.485,0.758,0.604,0.0,0.469,-12.52,0.0366,110.252,0.95,24
285,Forever Michael,7,0kUnnH86ePmljZHy1M5xVJ,You Are There,spotify:track:0kUnnH86ePmljZHy1M5xVJ,0.555,0.283,0.403,0.000388,0.116,-13.743,0.0521,86.658,0.397,23
286,Forever Michael,8,7a0Q6pUkNU0yWkrbtH9QSJ,Dapper Dan,spotify:track:7a0Q6pUkNU0yWkrbtH9QSJ,0.0575,0.61,0.485,2.5e-06,0.31,-14.63,0.0782,161.248,0.894,21
287,Forever Michael,9,40UXqzsBkb00iKGgjyfp1R,Dear Michael,spotify:track:40UXqzsBkb00iKGgjyfp1R,0.325,0.573,0.422,0.000166,0.453,-14.258,0.033,142.65,0.726,23
288,Forever Michael,10,5w0ciGczZwOg18acVyOqiW,I'll Come Home To You,spotify:track:5w0ciGczZwOg18acVyOqiW,0.307,0.429,0.444,5.32e-06,0.347,-15.436,0.0446,99.885,0.456,22
